112302,5.6,Comedy|Drama|Adventure
115012,7.2,Crime|Romance|Drama
112697,6.8,Comedy|Romance
113347,6.2,Comedy|Romance|Drama
109950,4.8,Thriller|Action|Drama
110299,7.6,Drama
112499,5.5,Comedy
113010,4.1,Crime|Romance|Action
113537,7,Comedy|Romance|Drama
117002,5.8,Romance|Drama|Horror
115734,7.1,Crime|Comedy|Drama
116483,7,Comedy
112579,7.5,Romance|Drama
75314,8.3,Crime|Drama
114808,7.3,Romance|Drama
110647,3.1,Comedy|Adventure
111055,7.4,Drama
114015,7.1,Comedy|Drama
112541,6.7,Comedy
109508,8,Documentary|Comedy
112857,6.7,Crime|Mystery|Drama
112899,4.6,Thriller
109579,7.3,Mystery|Thriller|Drama
109758,4.1,Crime|Comedy|Romance
109771,6.9,Drama
113538,4.8,Comedy|Adventure
76759,8.7,Action|Adventure
110367,7.3,Romance|Drama
113808,5.4,Comedy
113948,4.7,Thriller|Action
114151,4.4,Thriller|Drama
110413,8.6,Crime|Thriller|Drama
108394,8,Mystery|Drama
111161,9.3,Crime|Drama
114857,5.5,Crime|Action
109040,6.9,Comedy
109484,6.5,Comedy|Romance|Drama
109830,8.8,Comedy|Romance|Drama
105226,7,Crime|Thriller|Drama
114047,5.5,Comedy
106489,7.8,Crime|Drama
106519,7.9,Crime|Thriller|Drama
109480,5,Crime|Comedy|Thriller
112966,6.6,Comedy|Drama
107207,8.1,Drama
110265,6.5,Crime|Thriller
107413,5.5,Comedy
107468,6.8,Romance|Drama
107818,7.7,Drama
105032,7.1,Drama
108065,7.5,Drama
111201,5.8,Comedy|Romance|Drama
108162,4.9,Thriller|Drama
111418,6.2,Comedy|Romance|Drama
108358,7.8,Action|Drama
108399,8,Crime|Romance|Drama
108515,7.4,Documentary
110259,6.1,Romance|Thriller|Drama
110363,6,Comedy
99785,7.5,Comedy
117381,7.7,Crime|Mystery|Drama
115956,6.6,Mystery|Action|Drama
48473,8.4,Drama
52572,8.2,Drama
117104,6.2,Comedy|Romance|Drama
117774,5.9,Crime|Action|Drama
113568,8,Crime|Action
116905,7.6,Crime|Mystery|Drama
118113,6.8,Comedy|Romance|Drama
61495,7.6,Comedy|Romance|Drama
53459,7.8,Drama|Horror
115632,6.9,Drama
107575,6.7,Comedy|Romance
68646,9.2,Crime|Drama
116985,6.7,Comedy|Drama
113542,6.4,Crime|Drama
32904,8,Comedy|Romance
50419,7.1,Comedy|Romance
54698,7.7,Comedy|Romance|Drama
25316,8.2,Comedy|Romance
53604,8.3,Comedy|Romance|Drama
33870,8.1,Crime|Mystery
58385,7.9,Drama
47437,7.7,Comedy|Romance|Drama
43014,8.5,Drama
32143,8,Comedy|Drama
32484,7.6,Romance|Action|Thriller
32599,8,Comedy|Romance|Drama
29947,8,Comedy|Romance
32022,7.1,Crime|Drama
26029,7.8,Mystery|Thriller
63350,7.9,Horror
43265,7.9,Romance|Drama|Adventure
116259,6.1,Crime|Mystery|Drama
72951,6.4,Adventure
41890,7.2,Drama
102798,6.9,Action|Drama|Adventure
115600,7.2,Romance|Drama
115491,6.4,Comedy|Adventure
39286,7.4,Crime|Drama
84865,7.6,Comedy
68334,7.1,Comedy|Drama
91763,8.1,Drama
101761,7.2,Drama
104348,7.8,Crime|Mystery|Drama
116422,5.6,Comedy
71853,8.3,Comedy|Adventure
84589,7.4,Crime|Drama
95765,8.5,Drama
109942,6.4,Comedy
97937,7.9,Drama
80684,8.8,Action|Adventure
90605,8.4,Action|Adventure
56592,8.3,Crime|Drama
78788,8.5,Drama
86190,8.4,Action|Adventure
41959,8.3,Mystery|Thriller
99685,8.7,Crime|Drama
78748,8.5,Horror
54215,8.5,Mystery|Thriller|Horror
80455,7.9,Crime|Comedy|Action
71562,9,Crime|Drama
81398,8.2,Drama
75686,8.1,Comedy|Romance
70735,8.3,Crime|Comedy|Drama
52311,8.1,Crime|Drama
50212,8.2,Drama|Adventure
71315,8.2,Mystery|Thriller|Drama
40897,8.3,Drama|Adventure
92005,8.1,Drama|Adventure
77416,8.2,Drama
99334,7.6,Comedy|Drama
102536,7.8,Comedy|Drama
38355,8,Crime|Mystery
78841,8,Comedy|Drama
87553,7.9,Drama
101458,6.8,Action|Drama
116601,6.6,Comedy
101540,7.3,Crime|Thriller
74285,7.4,Horror
75005,7.6,Horror
115495,6.1,Crime|Thriller|Drama
117057,6.5,Comedy|Romance|Drama
119791,6.2,Thriller|Drama|Horror
115433,5.6,Crime|Comedy|Adventure
115471,3.9,Thriller|Action
115633,7.5,Drama
104691,7.8,Action|Drama|Adventure
116240,5.8,Comedy|Romance|Drama
119008,7.8,Crime|Drama
118859,6.2,Crime|Thriller|Drama
120152,6.4,Action|Drama
118064,6.8,Comedy|Drama
119109,5.1,Comedy|Romance
120087,4.5,Comedy|Drama|Adventure
118556,6.1,Comedy|Romance
57345,7.7,Drama
118883,6.7,Mystery|Action|Thriller
118966,6.1,Crime|Action|Drama
120207,2.8,Crime|Action
119874,5.9,Thriller|Action
119488,8.3,Crime|Mystery|Drama
120323,6,Drama
119349,7.5,Drama
120257,6.9,Mystery|Romance|Drama
118900,6.5,Crime|Action|Drama
119592,6.2,Crime|Thriller|Drama
119365,6.6,Crime|Thriller
118617,7.1,Drama|Adventure
119819,4.9,Comedy|Thriller|Horror
120670,4.6,Thriller|Action
116845,5.8,Romance|Thriller|Drama
118747,4.8,Crime|Comedy|Action
114690,7.1,Thriller|Action|Drama
120782,6,Crime|Mystery|Drama
119942,6.7,Comedy|Drama
119305,5.8,Crime|Comedy|Drama
118229,5.2,Crime|Drama
118577,3.5,Comedy
120725,4.9,Comedy
120531,3.9,Comedy|Romance
139362,6.7,Romance|Drama
73540,7.6,Mystery|Drama
140688,6.4,Drama
18578,7.8,Romance|Drama
21746,6,Drama
26752,7.8,Drama|Adventure
82158,7.2,Drama
97239,7.4,Drama
91369,7.4,Adventure
70047,8,Horror
119910,5.4,Comedy|Romance|Drama
17136,8.3,Drama
54649,6.3,Comedy
47478,8.7,Drama|Adventure
88814,6.5,Action|Adventure
62737,6.8,Comedy
77305,6,Comedy
82199,5.7,Comedy|Action|Adventure
77698,6,Action
90756,7.8,Mystery|Thriller|Drama
89385,7,Adventure
78158,5.9,Adventure
38969,7.4,Comedy
111359,5.9,Adventure
83798,6.8,Crime|Comedy|Mystery
120832,5.9,Crime|Mystery|Thriller
90848,5.3,Drama|Adventure
88323,7.4,Drama|Adventure
120611,7.1,Action|Horror
94721,7.5,Comedy
74512,6.8,Comedy|Thriller
65112,6.3,Thriller|Drama
42994,7.1,Crime|Thriller
33922,6.5,Comedy|Romance
31505,6.3,Crime|Adventure
30341,7.9,Mystery|Thriller
29811,7,Crime|Mystery|Romance
28212,7.1,Thriller
20142,6.3,Romance|Drama
19702,7,Crime|Thriller
128442,7.4,Crime|Drama
92537,4,Comedy|Romance
87810,5.5,Comedy|Drama
92225,5.7,Crime|Drama
96073,5.9,Drama|Horror
102558,4.9,Comedy
120776,7,Drama
118736,6.7,Comedy|Action|Adventure
120835,6.9,Drama
119802,6.7,Crime|Thriller|Drama
120586,8.6,Crime|Drama
24216,7.9,Horror|Adventure
120863,7.6,Drama
119336,5.8,Comedy|Drama
110978,3.1,Comedy|Thriller|Horror
92112,5.7,Comedy|Horror
91991,5.1,Comedy|Romance
145893,5.3,Comedy|Drama
128133,7.2,Drama
124298,6.6,Comedy|Romance|Drama
51744,6.9,Crime|Mystery|Horror
77189,4.3,Action|Drama
71455,5.8,Thriller|Action|Drama
125659,7.8,Mystery|Romance|Drama
120836,5,Comedy|Romance
37913,8,Crime|Drama
118826,7.7,Comedy|Drama
149723,7,Romance|Drama
78346,7.3,Action|Drama|Adventure
34398,7.4,Horror
49366,7.8,Horror
158811,6.2,Comedy|Adventure
48254,6.7,Crime|Drama
56193,7.6,Crime|Romance|Drama
90774,6.9,Comedy
91419,6.9,Comedy
92627,6.4,Crime|Mystery|Thriller
144168,6.1,Comedy
129111,6.4,Romance|Drama
66765,7.6,Comedy
80339,7.8,Comedy
96244,6,Crime|Romance|Drama
85334,8,Comedy
130121,5.8,Crime|Comedy|Romance
105698,6,Thriller|Action
73802,7.5,Mystery|Thriller
164108,5.6,Comedy
157183,7.8,Comedy|Romance|Drama
76150,6.5,Mystery|Thriller|Horror
169547,8.4,Romance|Drama
50814,6.8,Comedy|Drama
99558,7.3,Comedy|Action|Adventure
68990,6.2,Drama|Adventure
168740,6.2,Romance|Drama
80179,7.6,Comedy|Action
34240,8.1,Comedy|Drama|Adventure
61578,7.8,Comedy|Action|Adventure
59260,7.3,Comedy|Adventure
137523,8.8,Drama
72742,6,Documentary
185371,5.6,Mystery|Thriller|Horror
144178,6.4,Romance|Drama
83254,5.4,Comedy
61789,5.8,Comedy
32215,4.5,Horror
56197,7.8,Action|Drama
105156,5.3,Thriller|Drama
86856,6.4,Comedy|Romance|Adventure
185125,7.9,Drama
24852,7.4,Comedy
40522,8.3,Drama
93512,7.7,Romance|Drama
105265,7.3,Drama
87091,6.8,Drama
155711,6.4,Crime|Comedy|Drama
97717,4.2,Comedy
160509,6.5,Comedy|Romance|Drama
144715,5.9,Comedy|Drama
10040,7.6,Comedy|Drama
124315,7.4,Romance|Drama
174204,4.5,Crime|Comedy|Drama
106455,4.9,Crime|Action|Drama
64276,7.4,Drama|Adventure
105323,8,Drama
104694,7.2,Comedy|Drama
105414,6.3,Thriller|Drama
18773,8.1,Comedy|Romance
21749,8.6,Comedy|Romance|Drama
87265,6.2,Comedy|Romance|Drama
9018,7.8,Comedy|Drama
94347,7.5,Romance|Drama
55353,8.1,Drama
101698,7.3,Comedy|Drama
57344,7.4,Crime|Romance|Drama
39748,6.7,Crime|Drama
92834,5.8,Comedy|Romance
89994,6.7,Comedy|Adventure
108526,6.1,Comedy|Adventure
88760,5,Adventure
89003,5.9,Crime|Action|Drama
36775,8.4,Crime|Drama
101615,2.8,Comedy|Romance
91142,5.7,Horror
99871,7.5,Mystery|Drama|Horror
93378,6.8,Drama
95564,6.7,Drama
89643,7,Comedy|Romance|Drama
74958,8.1,Drama
79640,7,Comedy|Drama
86927,6.3,Comedy
160644,5.6,Mystery|Romance|Drama
102898,5.6,Crime|Comedy|Drama
85701,6.6,Horror
104549,6.2,Crime|Mystery|Drama
112634,3.3,Action|Horror
71772,5.8,Comedy|Romance|Drama
71288,6,Comedy
70481,6.6,Comedy
207998,7.1,Documentary|Drama
154443,5.8,Comedy|Drama
95977,4.3,Crime|Comedy|Action
86979,7.7,Crime|Thriller|Drama
79501,7,Action|Adventure
89530,6.2,Action|Adventure
91635,5.9,Romance|Drama
94882,6.3,Drama
23622,8.2,Crime|Comedy|Romance
200669,5.9,Romance|Drama
39404,6.7,Comedy|Adventure
99797,6.4,Crime|Romance|Drama
70679,5.9,Crime|Action|Adventure
219854,6.1,Comedy
60176,7.7,Crime|Mystery|Drama
104299,5.3,Crime|Action
105813,6,Crime|Action|Drama
131972,4.5,Comedy
65938,7.7,Comedy|Adventure
178050,5.7,Comedy|Drama
46303,7.7,Drama
234137,6.3,Comedy|Romance|Drama
187696,6.1,Thriller|Horror
202677,6.7,Crime|Action|Drama
57887,5.4,Comedy|Romance
162236,6.7,Comedy|Drama
54387,7.6,Romance|Adventure
219952,5,Crime|Comedy
146984,6.7,Drama
181536,7.3,Drama
149624,5.8,Romance|Drama
181865,7.6,Crime|Thriller|Drama
97662,6.3,Crime|Action|Drama
92546,6.1,Comedy
92641,6.5,Crime|Action|Drama
92655,5.7,Crime|Comedy|Adventure
92804,7.5,Drama
92854,4.8,Action|Drama
92974,5.5,Comedy
93093,7.2,Drama
93225,7.3,Comedy|Drama
93278,4.2,Comedy|Action|Adventure
93418,5.1,Comedy
93467,6.5,Comedy|Romance
212985,6.8,Crime|Thriller|Drama
177650,5.4,Comedy
191636,7.3,Romance|Drama
192071,5.8,Comedy|Romance
90213,6.2,Action|Drama
55895,7.9,Drama
58453,6.4,Comedy|Romance
152015,5.9,Romance|Drama
48248,6.3,Drama
45810,7.2,Crime|Comedy
90770,6.5,Crime|Thriller|Drama
212720,7.1,Drama|Adventure
58953,5.6,Comedy|Romance
45699,6,Horror
59124,5,Comedy
57693,6.7,Thriller|Horror
84788,6,Comedy|Action
65777,7.6,Drama
93227,3.1,Comedy|Horror
48261,7.7,Crime|Mystery
49966,7.5,Drama
76786,7.5,Horror
96764,7.2,Comedy|Adventure
94715,6.8,Comedy|Drama
94739,6.3,Comedy
94746,6.6,Comedy|Drama
94747,7.2,Drama
94783,6,Romance|Drama
95088,6.4,Comedy|Horror
95145,5.3,Crime|Comedy
95326,4.3,Comedy
95993,6.6,Drama|Adventure
96029,6.6,Comedy|Drama
96037,4.8,Comedy|Romance
91949,6.6,Comedy
96280,6.2,Thriller|Drama
96320,6,Crime|Comedy
96380,5.7,Comedy
96425,5.3,Action|Horror
96945,6.3,Crime|Comedy|Action
97109,5.2,Crime|Comedy
97276,6.8,Comedy|Romance|Drama
97438,6.1,Mystery|Action|Drama
97500,5.7,Crime|Comedy|Mystery
97567,6.1,Drama
97607,6.4,Drama
97626,6.1,Crime|Thriller|Drama
163025,5.9,Action|Adventure
98343,6.1,Comedy|Romance|Drama
98436,6.2,Comedy|Romance
108517,5.3,Horror
87130,4.3,Action
60668,7.6,Drama
80377,6,Comedy|Action
80402,4.8,Horror
261392,6.9,Comedy
50933,7.2,Romance|Drama
86352,4.7,Comedy|Romance
273799,5.4,Crime|Comedy
58283,6.9,Thriller|Drama|Horror
80634,7,Documentary|Comedy
80641,6.3,Action|Drama|Adventure
243255,6.5,Drama
67093,8,Drama
87666,5.7,Comedy|Romance
246578,8.1,Thriller|Drama
278102,7.2,Documentary
249478,5.5,Crime|Mystery|Thriller
139951,6.9,Drama
24264,7.4,Romance|Drama
60437,6.9,Thriller
80671,7.2,Drama|Adventure
80715,7.5,Comedy
80724,6.2,Comedy|Romance|Drama
283509,8,Drama
20697,7.8,Drama
87747,6.5,Comedy|Romance|Drama
90852,6.6,Comedy
60714,7,Comedy|Drama
88103,4.8,Adventure
94318,6.2,Drama|Adventure
35423,6.4,Comedy|Romance
120737,8.8,Drama|Adventure
280707,7.3,Comedy|Drama|Mystery
45555,8,Crime|Thriller
117653,5.6,Thriller|Action|Drama
93106,5.8,Romance|Drama
268696,6.8,Drama
276501,7.3,Drama
295552,6.5,Comedy|Drama|Mystery
69995,7.3,Thriller|Drama|Horror
44391,7.9,Romance|Drama
60218,6.4,Drama|Adventure
77199,3.4,Comedy
75718,5.5,Comedy
50986,8.2,Romance|Drama
38057,7.9,Thriller|Drama
127516,6.8,Thriller|Comedy
80836,5.3,Action
80863,6.1,Comedy|Romance
80904,5.7,Horror
80928,7.4,Drama
76276,8.9,Comedy|Drama|Adventure
81109,6.1,Drama
81249,5,Crime|Comedy|Mystery
81259,5,Romance|Action|Drama
32993,7.1,Comedy|Romance
81480,6.7,Comedy|Romance
81529,5.1,Comedy|Action
76729,6.9,Comedy|Action
86325,3.3,Crime|Comedy
102103,7,Comedy
266391,6.4,Romance|Drama
72737,6.1,Action|Drama|Adventure
99892,5.7,Comedy|Romance
88931,6,Comedy|Drama
65916,6.9,Thriller|Drama
108311,5.1,Thriller|Drama
110157,6.5,Adventure
86397,5.8,Crime|Comedy|Drama
92652,4.7,Crime|Comedy|Action
254199,6.3,Comedy|Drama
56406,7.9,Drama
210065,6.8,Crime|Thriller|Drama
87042,4.7,Comedy
89798,4.3,Romance|Drama
254455,7.2,Romance|Drama
82054,7.2,Comedy|Drama
80931,5.7,Action|Horror
270480,6.7,Drama
84133,5.2,Thriller|Horror
99128,5.6,Comedy|Romance
283832,7.1,Crime|Comedy
86373,6.8,Comedy
58230,6.5,Comedy
82362,5.8,Thriller|Drama|Horror
84049,5.5,Crime|Comedy|Action
298744,6.6,Crime|Drama
101453,5.9,Crime|Thriller|Drama
86361,4.5,Romance|Drama
82081,7.6,Drama
82175,7.1,Drama
82329,4.7,Romance|Drama
82457,3.7,Crime|Comedy
82507,4.2,Comedy
84090,3.6,Horror
82801,5.6,Comedy
82910,3.5,Romance|Drama|Horror
87075,6.8,Horror
297162,4.6,Crime|Thriller|Action
42895,7.2,Romance
77549,7,Crime|Drama
83189,6.4,Comedy|Romance
83190,7.4,Crime|Action|Drama
293815,5.8,Comedy|Drama
71671,6.3,Adventure
89378,4.8,Action|Horror
83694,6.3,Comedy
75968,7.5,Drama
66563,6.7,Comedy
45917,6.5,Horror
85794,7.8,Crime|Comedy|Drama
86978,5.1,Thriller|Horror
71334,7.2,Comedy|Romance|Drama
58371,6.9,Mystery|Romance
54417,7,Crime|Comedy
83996,6.1,Crime|Comedy
84302,9,Comedy|Drama
84359,6.2,Mystery|Thriller|Adventure
84422,7.5,Romance|Drama
83107,5.6,Crime|Comedy|Drama
84777,7.2,Crime|Mystery|Horror
84935,4.2,Action|Adventure
68441,7.5,Romance|Drama
61523,6.1,Comedy|Romance
95626,5.5,Crime|Thriller|Action
35417,7.6,Comedy|Romance|Drama
60182,7.3,Drama|Adventure
65054,7,Comedy|Drama
98093,5.1,Crime|Mystery|Romance
109327,6.1,Comedy|Horror
69291,6.4,Comedy
54759,7.1,Comedy|Romance
100211,7.3,Crime|Thriller|Drama
54428,6.7,Romance|Drama
117959,6.7,Drama
100301,6,Comedy
175777,5,Comedy|Romance
29808,7.4,Crime|Drama
93660,6.7,Thriller|Drama
58621,6,Comedy
100053,4.8,Crime|Comedy|Action
319829,5.5,Comedy|Drama
94764,6.5,Action
73345,7.4,Drama
51776,7.3,Drama
46438,8.3,Drama
91830,7.8,Romance|Drama
104850,5.9,Comedy|Romance
327850,6.7,Comedy|Action|Adventure
86541,7.3,Thriller|Horror
115561,7.5,Mystery|Romance|Drama
87909,6.9,Mystery|Horror
59221,7.4,Comedy|Mystery
62190,6.3,Comedy
63591,6.4,Comedy
110169,2.6,Comedy
102460,5.9,Crime|Drama
317676,2,Horror|Action|Adventure
74802,5.3,Crime|Thriller|Drama
71276,6.6,Horror
34409,6.9,Comedy|Romance
56211,4.2,Drama|Adventure
48956,8.2,Drama
242653,6.7,Action
333764,7.3,Romance|Drama
9968,7.6,Romance|Drama
109951,6.2,Comedy|Drama
65832,3.2,Adventure
102034,4.1,Action|Adventure
100151,7.6,Drama
104627,6.1,Crime|Mystery|Drama
107711,5.6,Crime|Action|Drama
150662,7.6,Comedy|Romance|Drama
90180,7.3,Crime|Action|Drama
24025,6.7,Comedy|Romance
22286,7.7,Crime|Action|Drama
87892,7.4,Drama|Adventure
102818,6.1,Thriller|Action|Drama
59084,7.2,Romance|Drama
26778,8.1,Comedy
87280,6.9,Crime|Drama|Horror
167260,8.9,Drama|Adventure
37382,8,Comedy|Romance|Adventure
36244,8.1,Drama
296042,7.1,Crime|Comedy|Action
97028,5.3,Crime|Thriller|Drama
6864,8,Drama
67589,6.6,Comedy|Romance|Drama
166158,5.7,Comedy|Drama
13140,7.3,Thriller|Drama
15400,7.9,Adventure
60420,7.2,Drama
360009,6.6,Crime|Action|Drama
58930,6.4,Drama
96921,5.2,Drama
45094,6.8,Comedy|Adventure
82516,5.8,Crime|Comedy|Action
36515,7.5,Drama
85370,7.5,Drama
188055,5.4,Mystery|Thriller
282410,7.3,Comedy|Drama
113725,7.6,Drama
76734,7.8,Romance|Thriller|Drama
62229,8.1,Crime|Mystery|Drama
105327,6.9,Drama
105017,7.5,Comedy
63285,6.9,Drama|Horror
46268,8.2,Thriller|Drama|Adventure
102011,5.6,Comedy|Romance|Drama
56943,6.8,Comedy|Horror
62480,7.3,Comedy|Drama|Adventure
177215,6,Comedy|Romance
50613,8.1,Drama
66549,7.3,Action|Drama
53976,8.1,Drama
258760,7.4,Comedy
70518,7.4,Drama
17668,7.7,Documentary
87193,7.6,Drama
65481,5.6,Crime|Drama
61189,5.7,Thriller|Action|Drama
60522,7.6,Crime|Comedy|Romance
77360,6.2,Romance|Drama
99399,4.7,Crime|Action|Adventure
93913,6.7,Comedy|Romance|Drama
18455,8.3,Romance|Drama
189553,6.3,Documentary
54462,4.5,Horror
43880,7.1,Comedy
38873,7.5,Romance|Drama
28478,6.7,Crime|Horror
32617,7.5,Comedy|Romance
41944,6.8,Comedy|Romance
17765,7.1,Comedy|Drama
77235,7.3,Drama
89160,6.1,Drama
31448,7.6,Mystery|Thriller|Horror
18051,7.7,Comedy|Drama
65889,8.1,Crime|Drama
61420,6,Thriller|Action|Drama
54188,6.5,Comedy|Romance
71565,6.4,Action
115738,7.3,Comedy|Drama
120408,7.4,Drama
22913,7.9,Drama|Horror
377752,7.8,Romance|Drama
57681,6.6,Comedy
61678,6.9,Comedy
45586,7.1,Comedy
93886,6.6,Comedy|Romance
73092,7.3,Crime|Drama
87597,6.7,Action|Adventure
78437,6.2,Horror|Adventure
95468,8.2,Crime|Drama
47216,7.3,Comedy|Drama
59470,7,Thriller|Action|Drama
99292,6.4,Thriller|Drama
99623,4.9,Comedy|Romance
28108,6.9,Romance
40806,7.7,Mystery|Drama
64381,6.5,Comedy|Romance|Drama
72848,7.1,Thriller|Drama
87795,4.8,Comedy
67314,6.7,Comedy|Drama
41268,7.6,Crime|Drama
368008,6.6,Mystery|Drama
64137,6.2,Comedy|Action|Drama
58294,7,Drama
52549,5.5,Horror
78975,5.9,Action|Adventure
101301,6,Comedy|Romance
385004,7.6,Action|Drama|Adventure
53644,6.5,Comedy
53716,5.9,Comedy
58018,6.4,Comedy|Romance
59166,6.2,Comedy
55069,6.5,Comedy
125510,3.4,Mystery|Thriller|Horror
13257,7.7,Documentary|Horror
15324,8.3,Comedy|Action|Romance
15624,8.3,Romance|Drama
15881,7.9,Thriller|Drama
18737,8,Crime|Romance|Drama
22158,7.6,Comedy
23458,7.5,Romance|Drama|Adventure
23948,7.8,Comedy|Drama
24865,7,Romance|Drama
24894,7.1,Crime|Horror|Adventure
25301,7.6,Romance|Drama
25898,7.4,Crime|Romance|Drama
27478,7.5,Crime|Comedy|Drama
27884,7.9,Comedy|Romance
28683,7.5,Romance|Drama
28804,7,Comedy|Romance
29322,7.4,Comedy|Romance|Drama
31867,7.9,Crime|Drama
34449,7.1,Crime|Comedy|Action
35415,7.4,Comedy|Romance|Drama
37094,7.8,Romance|Drama
38913,8,Drama
39926,6.8,Crime|Drama
40550,7,Drama|Adventure
40636,7.7,Crime|Drama
41507,7.2,Comedy|Romance
47203,7.1,Romance|Drama
47444,7.6,Action|Adventure
47677,6.9,Drama
48579,7.5,Action|Adventure
49710,7.8,Action|Adventure
54020,4.3,Romance|Horror
55728,7.8,Thriller|Drama
56058,8.7,Action|Drama
56194,7.7,Drama
56512,8.2,Comedy|Drama
58724,7.7,Drama
59311,6.2,Horror
59825,7.9,Thriller
60802,7.8,Comedy|Drama
61101,7.3,Crime|Action|Drama
63426,7.3,Romance|Drama
63654,7.1,Drama
64612,8.1,Comedy|Romance|Drama
65642,5.3,Comedy|Romance
65772,7.8,Comedy|Romance|Drama
67023,7.7,Thriller|Action
67341,6.5,Drama|Horror
67919,8,Drama
70300,6.5,Horror
71431,6.9,Horror
72933,4.6,Romance|Drama
74084,7.7,Crime|Drama
74870,7.3,Drama
75376,6.1,Comedy
76740,7.7,Thriller|Drama|Adventure
77559,7.2,Action
77687,6.8,Adventure
85450,5.1,Comedy
88771,3.9,Adventure
89603,7.9,Drama
89689,3.3,Action
90713,5.9,Comedy|Drama
92337,9.1,Drama
93171,5.5,Comedy|Action
93777,6.7,Horror
94056,6.4,Crime|Thriller|Drama
101984,6.5,Drama
104030,6.5,Comedy|Drama
104511,6.2,Crime|Comedy|Action
104567,5.8,Comedy|Romance
106504,6.8,Comedy|Romance|Drama
106950,5.9,Crime|Action
110200,7.6,Thriller|Action|Drama
113617,6.9,Adventure
114437,6.1,Crime|Comedy|Action
118760,7.1,Romance|Drama
119227,6.3,Horror
119657,7.6,Drama|Adventure
119794,6.1,Action|Drama
131566,6.3,Crime|Drama
161292,6.8,Crime|Drama
164538,7.8,Romance|Drama
165196,6.9,Drama
169858,8.3,Action|Drama
189456,4.2,Comedy|Thriller|Horror
192455,4.7,Comedy
195909,7.5,Documentary
200472,5.9,Comedy|Drama
202381,6.1,Comedy|Thriller
212830,5.3,Mystery|Horror
213682,6.9,Thriller|Drama
234837,7.5,Romance|Drama
243575,5.8,Comedy|Romance
244092,6.9,Romance|Comedy
269389,6.9,Comedy|Romance|Drama
295682,6.8,Drama|Adventure
320193,8,Romance|Drama
323332,7,Mystery|Romance|Drama
338450,5.2,Action
339135,6.2,Thriller|Action|Drama
385017,7.7,Mystery|Thriller|Drama
405821,6.2,Action
119263,7.4,Romance|Drama
345032,7.2,Drama
90310,7.1,Mystery|Drama
73107,7,Romance|Drama
45557,6.8,Drama
43255,7,Comedy|Horror
41085,7.1,Comedy|Mystery|Horror
26421,7.6,Comedy
353969,8.1,Crime|Mystery|Drama
372532,6.1,Comedy|Romance
94979,6.1,Thriller|Drama|Adventure
363290,6,Drama
34303,7,Comedy|Mystery
109661,5.5,Adventure
31334,7.6,Romance|Drama|Adventure
65513,7.9,Comedy|Horror
120626,7.1,Drama
25919,7.8,Comedy|Romance
80157,6.4,Drama
78056,5.8,Drama
39937,6.8,Crime|Drama
107623,7.2,Drama
55618,7.8,Crime|Drama
91027,5.6,Action|Drama
95341,7.8,Documentary
66904,8.3,Documentary
86136,4.8,Romance|Drama
56111,8.1,Drama
37465,6.9,Drama
384806,6,Mystery|Drama|Horror
277909,6.8,Comedy
384369,7.5,Drama
361498,3.9,Comedy
63141,7.7,Drama
19777,7.2,Comedy
397619,7.2,Drama
29971,7.1,Comedy|Romance
372784,8.3,Action|Adventure
78133,3,Comedy
26129,7.1,Crime|Drama
106613,3.9,Crime|Comedy
325596,6.1,Mystery|Thriller
368774,6.6,Drama
67900,7.1,Crime|Thriller
405422,7.1,Comedy|Romance
401244,6.7,Comedy|Romance
380599,6.9,Crime|Drama
36191,7.3,Comedy|Adventure
367089,7.4,Comedy|Drama
386140,5.9,Action|Adventure
25862,7.6,Action|Adventure
118635,6.9,Comedy
228277,6.5,Drama
426155,7.4,Drama
53677,6.8,Horror
389957,5.3,Crime|Action|Drama
25929,7.9,Drama
58409,7.6,Drama
67535,6,Crime|Action|Drama
103704,7.6,Comedy|Romance|Drama
60474,8,Comedy
34277,7.3,Romance|Drama
451850,6.7,Romance
26266,7.6,Romance|Drama|Adventure
96769,5.6,Thriller|Horror
370754,7.4,Drama
73293,7,Drama
284929,5.9,Crime|Drama
58642,8.1,Romance|Drama
59314,6.3,Romance|Drama
61695,4.5,Action|Adventure
416496,5.7,Crime|Comedy|Action
43633,6.4,Comedy|Romance
19585,8.3,Romance|Drama
421994,6.8,Comedy|Romance|Drama
384814,5.8,Romance|Drama
53750,7.4,Drama
93435,7.1,Crime|Action|Drama
225481,4,Comedy|Horror
466856,6,Crime|Comedy|Drama
72402,6.9,Drama
77372,5.5,Comedy|Adventure
464105,7.2,Drama
98333,4.3,Adventure
205725,7.2,Comedy|Drama
326429,6.8,Drama
30848,6.9,Romance|Drama
449467,7.5,Drama
32155,7.6,Drama
25028,7.2,Comedy|Romance
29030,7.3,Romance|Action|Drama
418832,5.5,Romance|Drama
473753,7.1,Comedy|Drama
38577,7.6,Crime|Mystery|Thriller
69289,7.5,Comedy|Adventure
32342,7.3,Drama
120088,5.2,Thriller
382383,7.5,Crime|Action|Adventure
44040,6.3,Action|Drama
419946,4.7,Thriller|Action|Drama
478049,7.4,Documentary
91786,5.7,Drama
366721,7.9,Romance|Drama
369359,4.8,Comedy|Action|Horror
84861,6.4,Crime|Action|Drama
475937,5.6,Mystery|Thriller|Horror
468492,7,Comedy|Drama|Horror
101725,5.4,Crime|Drama
822854,7.2,Crime|Action|Drama
114863,7.6,Drama
493247,6.5,Romance|Drama
66491,7.6,Drama
471030,6.8,Mystery|Thriller|Drama
414931,6.7,Crime|Action|Drama
49531,7.8,Documentary
77904,5.2,Horror
499556,6.3,Crime|Thriller|Action
923752,8.2,Documentary
478134,7.2,Crime|Mystery|Drama
405508,8.3,Comedy|Drama
857265,6.5,Mystery|Thriller|Drama
831884,6.7,Crime|Thriller|Drama
452623,7.7,Crime|Mystery|Drama
762110,7.2,Drama
64816,7,Crime|Romance|Drama
478829,7.7,Drama
759612,7.7,Crime|Drama
1032856,7.6,Comedy|Drama
15016,7.3,Romance
61042,8,Drama
282599,7.7,Romance|Drama
467200,6.7,Drama
813547,7.6,Crime|Drama
86102,7.3,Drama
481797,6.3,Mystery|Drama
32007,7,Action|Adventure
473389,7.7,Drama
11439,7.3,Romance|Adventure
12752,7,Romance|Action|Adventure
53434,7.3,Romance
762110,7.2,Drama
478829,7.7,Drama
759612,7.7,Crime|Drama
1032856,7.6,Comedy|Drama
15016,7.3,Romance
61042,8,Drama
282599,7.7,Romance|Drama
467200,6.7,Drama
813547,7.6,Crime|Drama
86102,7.3,Drama
481797,6.3,Mystery|Drama
32007,7,Action|Adventure
473389,7.7,Drama
11439,7.3,Romance|Adventure
12752,7,Romance|Action|Adventure
53434,7.3,Romance
21505,6.8,Crime|Romance|Drama
949489,6.8,Drama
783608,5.9,Crime|Mystery|Drama
452608,6.4,Thriller|Action
42692,7.2,Romance|Drama
71521,6.6,Crime|Comedy|Action
45848,7.7,Drama
870204,5.9,Thriller|Drama
488905,7.7,Drama
1183732,6,Action|Horror
17918,7.4,Romance|Adventure
233044,6.6,Adventure
46384,7.1,Comedy|Drama
929860,7,Comedy|Action|Romance
1205489,8.2,Drama
1034303,7.2,Action|Drama
59565,6.9,Comedy|Drama
101326,3.8,Action|Drama
92732,5.9,Drama|Adventure
844666,5.1,Mystery|Thriller|Horror
69951,5.7,Drama
1287845,7.2,Action
1241195,7.8,Thriller|Drama
62228,8,Comedy
78128,5.8,Comedy|Action
108596,7.1,Romance|Drama
242572,7.6,Romance|Drama
110490,5.8,Thriller|Action|Drama
75572,8.4,Drama
100624,7.3,Documentary
160835,7.3,Comedy
407008,6.6,Drama
1286800,7.2,Documentary
1142972,6.8,Drama
48387,6.8,Drama|Adventure
92550,7.7,Comedy|Romance|Drama
1423592,6.6,Crime|Drama|Horror
1010055,6.1,Comedy|Action|Adventure
42179,6.8,Comedy|Adventure
86542,6.6,Comedy|Drama
72761,5.7,Crime|Drama
103190,7.3,Drama
34175,6.8,Crime|Drama
73166,6.4,Romance|Drama
56371,7.3,Romance|Drama
99949,7.5,Drama
96880,8,Drama
100879,5.4,Drama
106661,5.9,Romance|Drama
60048,5.8,Romance|Adventure
79839,7.3,Comedy
1425244,8.2,Comedy
87866,5.3,Comedy|Drama
76297,6.1,Comedy|Adventure
138645,5.8,Comedy|Drama
81040,7.6,Comedy
9932,6.1,Comedy
91415,5.9,Horror
110805,3.9,Thriller|Action|Drama
40607,7.2,Crime|Drama
119872,5.1,Action
22017,7.6,Drama
93133,7.1,Drama
242285,5.3,Thriller|Mystery|Horror
139153,7.2,Documentary
258761,7.3,Romance|Drama
806027,5.3,Thriller|Action|Horror
28355,7.3,Comedy|Romance
51065,7.9,Drama
35823,7.4,Drama
1187043,8.4,Comedy|Drama
65872,7.7,Drama
78382,5.1,Comedy
819755,5.5,Thriller|Horror
33175,6.9,Comedy|Action|Adventure
53772,7.2,Comedy|Drama
32636,6.8,Crime|Drama
57318,6.5,Documentary|Horror
227194,5.5,Comedy|Action|Drama
23241,7.2,Comedy|Romance
64828,6.9,Drama
51786,6.1,Horror
884762,8.5,Documentary
63094,7,Crime|Comedy
94642,5.7,Horror
57933,7.6,Mystery|Drama
312859,8.5,Drama
47840,6.7,Comedy|Romance
65233,7.7,Drama
43044,7,Comedy
1391544,5.6,Comedy|Drama
59555,7.3,Drama
62728,7.2,Drama
30865,7.4,Romance|Drama
59729,7.1,Drama
42039,6.9,Crime|Drama
62277,8.1,Drama
1594971,5.5,Drama
44811,7.2,Comedy|Drama
40745,7,Comedy|Romance
21874,8,Romance|Drama
34902,6.1,Comedy|Romance|Adventure
18526,7.7,Crime|Drama
154129,6.1,Comedy
1183276,5.9,Action|Horror
45758,5.6,Thriller|Drama
107086,7.3,Documentary
41515,6.2,Comedy
50569,7.1,Drama
1020543,5.9,Comedy|Action|Horror
47550,6.5,Comedy|Drama
71458,7.1,Drama
54102,6.6,Crime|Drama
88241,7.9,Drama
12651,6.3,Crime|Drama|Horror
1428050,6.1,Crime|Drama
23911,7.6,Drama
33110,7,Comedy|Romance
56341,6.4,Comedy|Drama
78878,5.8,Drama
41373,7,Romance|Drama
55073,6.8,Romance|Drama
20876,6.9,Comedy
59829,8,Drama
47167,7.1,Comedy|Romance|Drama
21106,6.8,Romance|Comedy
89821,6.6,Crime|Romance|Drama
55571,7.5,Crime|Thriller|Drama
61597,7.5,Action|Drama
66318,7.5,Thriller
11541,8.2,Comedy
12255,7,Comedy|Horror
12224,7.8,Comedy
121411,6.1,Drama
13025,7.7,Comedy
110076,7.6,Comedy|Drama
56308,6.8,Comedy|Drama
62203,5,Drama
13422,6.7,Comedy
69080,6.1,Comedy|Romance|Drama
37420,6.6,Comedy
214529,4.4,Mystery|Horror
29577,6.8,Drama|Adventure
465326,8.1,Drama
53003,7.2,Mystery|Drama
41672,7.1,Romance|Drama
882978,6.2,Action|Drama
56279,7,Horror
373960,7.4,Drama
76319,5.7,Comedy|Romance
372303,5.2,Thriller|Drama
1156506,6.7,Action
1334585,7.8,Adventure
47279,6.6,Crime|Mystery|Adventure
49881,6.7,Romance|Drama
20570,7.3,Action|Drama|Adventure
51667,6.8,Drama
50156,6.9,Drama
53752,6.7,Crime|Thriller|Drama
25791,7.5,Drama
292081,6.5,Drama
918575,6.4,Thriller|Horror
367204,5.6,Comedy|Romance
73190,4.7,Romance|Drama
416773,4.7,Comedy
1255951,5.2,Comedy|Drama
34251,7.1,Crime|Mystery|Drama
19195,7.3,Romance|Drama
45102,7.2,Comedy
104693,7,Crime|Drama
100791,7.1,Drama
37615,6.7,Thriller|Drama
97332,5.7,Crime|Mystery|Drama
70748,6.5,Drama
14497,7.3,Comedy|Romance|Drama
17449,7.1,Romance|Drama
45907,7.2,Comedy|Drama|Adventure
72149,5.7,Horror
25718,6.5,Comedy|Romance
109962,7.2,Comedy|Action|Thriller
38668,6.8,Comedy
37054,7.7,Romance|Drama
36919,6,Comedy|Romance
1825918,7.5,Action|Adventure
112710,7.7,Comedy|Drama
88454,2.7,Horror
1365023,7.6,Documentary|Romance
73634,6.3,Comedy|Drama
51915,7.2,Comedy
99927,7.6,Drama
31311,7.1,Comedy
46008,7.7,Documentary
52997,7.5,Crime|Comedy|Thriller
449144,5,Mystery|Drama|Horror
163559,7.1,Drama
42513,7.3,Romance|Drama
1530970,8.5,Documentary|Adventure
42247,5.9,Comedy
67119,5.8,Thriller
48130,7.1,Drama
984155,6.1,Crime|Drama
126004,6.2,Horror
96842,6.4,Comedy|Adventure
109162,5.9,Comedy|Adventure
71788,6.8,Romance|Action|Drama
42665,7.7,Comedy|Romance|Drama
65895,6.2,Crime|Thriller|Drama
140336,7.4,Drama
69989,6.3,Crime|Action|Drama
30996,7,Crime|Romance
67467,7,Drama
77751,7.2,Drama
52957,7.2,Drama
21375,7.1,Documentary
76107,5.1,Comedy
6826,6.8,Comedy|Romance|Drama
1507566,5.2,Crime|Mystery|Thriller
73096,6.5,Comedy
32028,6,Comedy|Action|Adventure
100409,7.2,Adventure
383678,8.2,Comedy
7145,7.2,Comedy
1541788,8,Documentary
7880,7.6,Comedy
1366409,6.3,Drama
97951,7,Drama
70898,5.7,Romance|Drama
85635,7.7,Drama
59758,7.3,Drama
55927,6.3,Crime|Drama
72204,6.8,Drama
64247,5.8,Comedy
27221,6.5,Romance|Adventure
455565,7.7,Adventure
109770,3.9,Action|Adventure
120428,5.7,Horror
64816,7,Crime|Romance|Drama
43118,6.6,Crime|Drama
54197,6.7,Crime|Thriller|Drama
1035729,6.7,Comedy|Drama
29571,6.3,Comedy|Romance
128137,6,Thriller|Drama
80623,5.9,Comedy|Action
85864,5.2,Action
75939,6.7,Comedy|Drama
79891,7.1,Action|Drama
86301,6.4,Comedy|Action
68294,5.6,Crime|Thriller|Drama
63013,5.2,Romance
97550,5.6,Comedy|Horror
113376,4.8,Comedy|Thriller|Horror
101256,4.1,Horror
33288,6.6,Drama
122565,8.6,Comedy|Romance|Drama
64179,6.7,Comedy|Drama
42650,8,Documentary
64038,8.3,Drama
2344672,5.6,Romance|Drama
818931,7.8,Drama
2655938,5.8,Drama
98048,2,Action
51182,6.7,Drama
99151,5,Thriller|Action
20062,7,Romance|Drama
2316787,7.6,Documentary
222012,8,Drama
60440,6.5,Action|Horror
111552,4.1,Thriller|Action
65380,5.2,Comedy|Drama
179183,4.4,Action
104467,7.5,Comedy|Drama
95483,5.7,Action|Horror
32030,7.2,Comedy
7264,7.2,Comedy
109167,4.4,Comedy
2284766,6.8,Drama
54601,6.7,Romance|Drama
67622,6,Comedy|Drama
218127,7.1,Action
1060256,6.6,Crime|Action|Drama
60291,5.3,Crime|Mystery|Drama
61411,5,Horror
62150,4.7,Adventure
2292959,3.9,Thriller|Drama
44453,7.4,Drama
50432,4.2,Horror
31143,7.3,Comedy|Mystery|Horror
60126,5.1,Action|Adventure
68455,6.3,Comedy|Thriller|Drama
113926,3.1,Thriller
67004,4.3,Drama
100031,5.9,Thriller|Drama|Horror
94651,6.5,Crime|Action|Horror
86340,4.1,Action|Adventure
86896,5.6,Crime|Thriller|Action
80616,7.3,Drama
69371,6.3,Mystery|Thriller|Romance
77247,4.8,Comedy|Horror
2343617,7,Romance|Drama
65776,5.4,Adventure
88765,4.4,Comedy
83900,6.2,Crime|Drama
53651,5.3,Romance
94962,5.2,Horror
91560,4.4,Horror
1596572,6,Documentary
60434,5.2,Horror
3216510,8,Documentary
65744,5.8,Horror
57967,7.5,Crime|Comedy
66221,4.5,Comedy
87373,7.6,Comedy|Drama|Adventure
80764,6,Horror
76706,7.1,Drama
82461,6.5,Drama|Adventure
271984,3.7,Thriller|Horror
99557,6.2,Mystery|Thriller
135520,6.9,Comedy|Drama
135673,7.5,Comedy
29695,7.4,Crime|Comedy
27908,6.5,Comedy
116446,5.9,Comedy|Horror
85627,4.9,Thriller|Action
2063008,5.6,Crime|Drama|Horror
44417,6.6,Crime|Drama
997184,7.5,Drama
36882,7.5,Romance|Drama
52104,4.6,Adventure
3070936,7.2,Comedy
78238,3.2,Comedy|Romance
1552624,6.2,Comedy
80116,5.5,Comedy|Romance|Mystery
3146360,6.9,Adventure
72201,6.7,Drama
58981,6.3,Comedy
99172,7.9,Drama
57960,7.5,Documentary
44013,6.4,Mystery|Drama
71610,5.8,Thriller|Action|Drama
67377,7,Comedy
28665,6.8,Romance
88402,6.1,Comedy|Drama
69986,3.8,Action|Adventure
79631,4.7,Horror
78034,5.8,Comedy|Romance
49870,6.6,Romance|Drama
69086,6.6,Drama
45544,5.8,Romance|Drama
26891,6.5,Comedy|Drama
54367,6.1,Comedy
77769,5.4,Horror
55459,5,Drama
79966,4.9,Crime|Comedy|Action
41387,6.4,Comedy
29949,6.3,Comedy
64310,6,Horror
51019,7.1,Drama
98492,7.9,Action|Drama
52662,6.6,Comedy|Romance
21542,7.6,Romance|Drama
36189,5.3,Crime|Mystery
3793686,7.8,Documentary
5339,5.9,Drama
75801,4.3,Comedy
51844,5.7,Drama
3330828,6.4,Horror
70578,5.4,Crime|Thriller|Horror
1891917,7.8,Documentary
39244,6.4,Drama
57920,6.3,Comedy
79615,8.5,Comedy
116014,7,Comedy|Action
208502,7.6,Drama
147310,4.3,Horror
67315,7.1,Drama|Adventure
902999,7.7,Adventure
50714,7.3,Comedy
32263,7,Comedy
3104818,6.9,Drama
88805,7.3,Comedy
166973,6,Adventure
97074,6.4,Crime|Thriller
4282,5.8,Comedy
29058,7.8,Comedy
25880,7,Comedy|Romance
92802,5.7,Comedy|Romance
2093977,5.7,Thriller|Horror
87129,6.8,Mystery|Horror
43153,7.2,Drama
62363,5.3,Comedy|Adventure
83931,7.9,Adventure
84781,4.1,Adventure
13386,6.9,Drama
64269,7.6,Romance|Drama
1194616,6.3,Comedy|Romance
50323,6.1,Comedy
23973,7.2,Action|Drama
51605,6.1,Thriller
50483,5.9,Comedy
3919322,6.9,Adventure
42257,7.4,Crime|Thriller|Drama
60143,6.3,Action
115899,6.8,Comedy|Romance
93964,6.9,Drama
65693,5.3,Thriller|Drama|Horror
62712,6.2,Crime|Drama
1599351,7.2,Mystery
69318,6.1,Thriller
77130,6,Crime|Comedy
90601,5.3,Adventure
196931,7.2,Comedy
67359,4.5,Drama
60893,6.2,Horror
1946298,5.7,Crime|Thriller|Action
31477,7.3,Romance|Drama
85328,5.5,Romance|Drama
72189,4.9,Comedy|Horror
43687,6.9,Drama
23943,7.2,Comedy
57212,7.6,Action|Adventure
53354,6.6,Crime|Comedy|Drama
114137,3.9,Horror
36581,6.8,Drama
49280,7.2,Drama
29516,6.5,Comedy|Romance|Drama
58238,6.3,Romance
44075,7.3,Drama
23322,6,Comedy
58585,6.9,Drama
25833,5.9,Comedy|Romance|Drama
55453,5.9,Romance|Drama
107392,3.2,Action|Drama
42674,6.3,Comedy|Romance
67983,6.3,Thriller|Horror
51759,6.9,Drama
63098,6,Comedy
20479,7.2,Comedy|Romance
43079,6.7,Romance|Drama
22981,5.5,Mystery|Horror
50580,6.4,Comedy
68748,6,Adventure
24465,6.9,Drama
76644,5,Drama|Horror
64691,4.2,Crime
50771,7.3,Drama
56673,5.9,Comedy
38929,7.5,Crime|Comedy|Mystery
23202,6.8,Comedy|Romance|Drama
61401,5.5,Crime|Comedy|Action
50993,6.6,Drama
61173,5.4,Comedy
73880,6.1,Crime|Action
82209,7.4,Drama
1496792,7.3,Drama
289782,8,Mystery|Drama
59550,8.7,Crime|Comedy|Romance
1580427,7,Documentary
84887,5,Action|Adventure
46352,6.9,Comedy|Drama
61646,5.9,Crime|Action|Adventure
2226495,5.8,Thriller
192578,5.9,Comedy
206588,4,Comedy
89265,6.3,Comedy|Romance
105127,6,Drama
54037,7,Drama
106301,7.3,Comedy
76555,6.3,Crime|Action|Drama
80401,6.5,Crime
1379228,7.8,Action|Drama
73735,3,Action|Drama|Horror
93986,5.3,Mystery|Thriller
367495,8.9,Comedy|Drama|Adventure
71864,7.5,Comedy|Drama
119310,4.8,Comedy|Action|Adventure
70599,6.3,Crime|Drama|Horror
76112,4.6,Horror
74703,6,Thriller|Action|Horror
72007,7,Mystery|Thriller
144246,4.4,Comedy
1863280,6.8,Documentary
50717,2.2,Horror|Adventure
252985,6.9,Comedy|Drama
98606,6.4,Comedy|Drama
2719094,7.3,Drama
67418,7.9,Comedy|Romance|Drama
147374,4.8,Drama|Horror
73845,5.2,Crime|Drama
4377918,7.5,Romance|Drama
75344,6,Action|Drama
66212,6.5,Crime|Comedy
33337,6.5,Mystery|Drama
1278060,8.1,Crime|Action
80802,5.2,Drama|Horror
207377,4.8,Thriller|Action|Adventure
95183,6.5,Drama
92822,4.4,Comedy|Drama
62732,6.7,Mystery|Thriller|Drama
76670,5.7,Mystery|Drama|Horror
3496372,4.6,Thriller
825279,3.3,Drama
427219,4.3,Comedy
1114698,6.5,Comedy
46722,5.6,Romance
92863,4.4,Horror
56957,6.4,Crime|Drama
78294,5,Crime|Comedy|Mystery
87385,4.8,Comedy
90079,4.4,Comedy
91165,4.9,Comedy
93315,3.4,Comedy
98411,4.7,Comedy
91909,4.2,Comedy
124869,3.5,Comedy
94037,4,Comedy|Action
181012,6.2,Thriller|Horror
94941,7.1,Comedy
88255,5.1,Crime|Thriller|Horror
80809,3.7,Comedy
85547,4.7,Comedy
88775,4.2,Comedy
80465,6,Action|Drama
460557,5.3,Comedy|Romance
47479,6.8,Crime|Drama
2404217,7.3,Mystery|Action|Drama
64895,6,Crime|Thriller|Drama
56661,6,Mystery|Thriller
456144,8.1,Comedy|Romance|Drama
50087,6.2,Crime|Romance|Drama
20590,6.5,Comedy|Drama
85486,3,Romance|Drama
74473,5.3,Mystery|Drama
207415,6.3,Comedy|Romance
1534017,6.8,Documentary
94015,3.9,Horror
26739,6.8,Crime|Mystery|Drama
242519,8.3,Crime|Comedy|Thriller
104870,5.6,Thriller|Horror
29951,6,Mystery|Adventure
2556308,7.4,Crime|Action|Drama
114234,7.5,Comedy|Drama
86343,5.5,Thriller
995031,7.3,Comedy|Mystery|Horror
432047,7.7,Crime|Drama
291376,7.8,Action|Drama
93645,5.7,Comedy
66914,4.6,Horror
77917,3.3,Crime|Comedy
459516,8.4,Crime|Action|Drama
48217,6.8,Comedy|Drama
62207,6.9,Crime|Mystery|Drama
79211,7.2,Drama
52921,6.8,Comedy
84698,6.6,Drama
91091,7.1,Comedy|Action
193524,2.4,Adventure
3973410,8.5,Comedy|Drama
71258,6.9,Crime|Drama
6517,6.2,Drama
2660888,7.1,Action|Adventure
75357,5,Comedy
248428,8.1,Action
68161,8.4,Drama
2199711,8.5,Crime|Action|Adventure
94374,7.1,Crime|Thriller|Action
364647,8.2,Romance|Action|Drama
80971,7.4,Comedy|Action|Drama
408730,7.5,Documentary|Comedy
53879,7.1,Comedy|Drama
49593,6.3,Comedy|Romance
111190,4.6,Comedy|Thriller
1038072,3.6,Drama|Horror
200755,5.7,Adventure
69235,7.9,Comedy|Drama
63288,7.1,Comedy
56883,7.2,Comedy
100265,3.2,Comedy
189072,6.9,Comedy
3025994,7.2,Adventure
4215766,6.6,Adventure
78848,4.6,Crime|Thriller|Action
189071,6.9,Comedy
290057,6.9,Action|Adventure
357139,6.6,Comedy|Adventure
189070,7.1,Comedy
418141,6.8,Comedy|Adventure
1777608,6.7,Mystery
2162709,6.5,Adventure
808508,6.5,Comedy
94813,5,Action
41423,7.3,Comedy
43325,5.2,Comedy|Romance
107606,5.4,Thriller|Drama
2664080,6.4,Drama
88200,6.4,Drama
303151,6.3,Comedy|Action
487176,6.5,Action|Adventure
78963,6.4,Comedy|Drama
108480,7.1,Drama
294264,7.2,Thriller
75347,6.3,Adventure
108339,5.4,Horror
1798148,3.8,Drama|Horror
107259,7.4,Drama
107260,7.5,Drama
1704731,7.7,Documentary
2318158,7.5,Documentary
2356302,8.2,Documentary
3417870,7.4,Documentary
2877108,8.4,Crime|Comedy|Thriller
458050,8.2,Romance|Action|Drama
2152896,7.9,Romance|Action|Drama
4328798,6.2,Comedy|Action|Horror
1483820,5.1,Action
1501298,8.4,Mystery|Drama
202055,8.1,Drama
68562,6.4,Documentary|Comedy
246643,8.8,Documentary|Comedy
55423,6,Mystery|Adventure
93910,4.1,Action
91213,4.6,Crime|Comedy|Action
87589,5.9,Crime|Action|Drama
173906,7,Romance|Drama
79111,7.2,Romance|Drama
455829,8,Crime|Romance|Action
345177,8.3,Drama
24373,6.2,Drama
847526,5.9,Crime|Thriller
77973,7.1,Action|Drama
62113,7.2,Drama
218616,6.7,Comedy|Drama
15634,6.3,Drama
4180576,5.6,Drama
4429128,8.5,Thriller|Drama
59116,7.2,Crime|Mystery|Drama
69375,4.5,Horror
115638,6.9,Comedy|Adventure
80379,5.7,Action|Horror
40971,7.1,Romance|Drama
1895408,6.7,Documentary
242256,8.3,Romance|Drama
1954206,6.7,Comedy|Drama
1180583,8,Romance|Drama
77834,2.5,Horror
29819,6.9,Drama
56467,6.5,Comedy
1233487,6.1,Romance|Drama
442781,7.1,Action|Drama
57521,6.5,Comedy|Drama
202415,7.2,Romance|Drama
75838,4.7,Horror
71782,6.4,Crime|Drama
83677,6.2,Crime|Thriller|Drama
59437,5.7,Comedy
482374,5.4,Thriller|Drama|Horror
3817962,6.2,Comedy|Romance
155671,5.6,Comedy|Thriller|Drama
83936,6.1,Crime|Action|Drama
2825120,6,Action
1156479,5.7,Action|Drama
410537,6.2,Horror
6689,6.7,Comedy
7507,7,Comedy|Romance
97410,5.4,Thriller|Action
7162,7.2,Comedy
97971,4.9,Crime|Thriller|Drama
45072,6.4,Drama
87742,6.1,Comedy|Action|Drama
4025514,7.4,Crime|Thriller|Drama
69141,5.8,Comedy
78976,3.5,Action|Drama
57535,6,Comedy
63979,5.7,Thriller
59589,6.3,Drama
4176604,6.9,Drama
91328,7.4,Comedy|Action|Adventure
117437,6.1,Romance|Drama
233422,7.4,Comedy|Drama
118931,5.9,Comedy|Action|Adventure
152836,6.8,Romance
218533,6.9,Romance|Action|Drama
60450,6.4,Comedy
79200,6.2,Crime|Comedy
99377,7,Crime|Action
61626,6.5,Comedy|Romance
240659,5.7,Drama|Adventure
57422,6.5,Comedy
78528,6.4,Comedy
81165,6.5,Romance|Drama
62859,6.2,Thriller|Drama
291855,8.7,Thriller|Action|Drama
84452,7.6,Adventure
217590,7.8,Adventure
63272,5.1,Romance|Thriller
42697,6.8,Crime|Comedy
30277,5.4,Mystery|Comedy
85755,5.3,Thriller
495241,7.6,Crime|Horror
99430,5.4,Thriller
319736,8.1,Drama
92144,6,Comedy
84845,5.8,Comedy
54756,5.9,Drama|Adventure
3094914,6.6,Comedy|Romance|Drama
83261,5.2,Thriller|Horror
826039,7.6,Documentary
114577,5.8,Thriller|Drama
28509,6.9,Comedy
104119,4.7,Thriller|Horror
47978,7.1,Romance|Drama
55119,6.6,Comedy|Drama
2444006,5.3,Documentary|Drama
1851988,7.8,Thriller|Action
9369,7.1,Comedy|Drama
55839,6.7,Crime|Mystery|Thriller
27688,6.6,Horror
2964120,7.6,Comedy
2377398,7.3,Romance|Drama
76149,4,Comedy
124437,8.2,Crime|Drama
278291,6.6,Crime|Mystery|Thriller
104298,5.1,Adventure
53806,6.3,Drama
57558,6,Comedy|Romance
58920,6.3,Comedy
82813,6.6,Horror
426075,4.3,Romance|Action|Drama
396563,4.5,Romance
451833,6.6,Comedy|Drama
349878,7.5,Drama
72648,7.7,Drama
1110059,5.5,Drama|Horror
59655,7.3,Drama
34076,5.9,Comedy
60787,7.4,Drama
1786650,4.9,Comedy
64729,3.4,Horror
70783,4.2,Mystery|Horror
488798,6.7,Crime|Comedy|Drama
1105709,5.9,Crime|Mystery|Drama
63544,7.1,Romance|Drama
56703,6.9,Drama
54827,3.7,Comedy|Romance
1630603,7.3,Comedy
126562,5.1,Crime|Drama
58523,5.8,Comedy|Drama
1891788,6.8,Comedy|Drama
92720,5.1,Romance|Drama
65378,5.8,Drama
1609168,8,Romance|Drama
105271,8.2,Romance|Thriller|Drama
1355546,7.3,Action
1922545,8.1,Thriller|Action|Drama
422908,7.1,Comedy|Romance
1463410,6.4,Drama
32262,7,Comedy
20701,6.4,Drama
64493,6.6,Horror
5491920,7.1,Action
51927,8.3,Comedy|Romance|Drama
220640,7.6,Drama
182730,5.6,Romance|Comedy
26132,6.8,Comedy
100581,6.3,Horror
85375,5.9,Comedy
54628,6.2,Drama
78073,7.2,Romance|Drama
1821317,8,Romance|Action|Drama
1679215,8.4,Drama
62693,5.8,Drama
3662,6.4,Action
3828796,6.3,Romance|Drama
92669,5.1,Comedy|Horror
33403,7.1,Comedy
2395421,6.8,Comedy|Drama
85863,2.5,Drama
5200962,7.3,Comedy|Romance|Drama
3715854,7.1,Comedy
61067,6.1,Adventure
920457,7.3,Romance|Action|Thriller
2555958,7.2,Mystery|Action|Drama
4258292,7.3,Mystery|Action|Drama
1705772,7.6,Crime|Comedy|Action
5178278,6.3,Mystery|Action|Drama
4987556,8.6,Crime|Thriller|Action
4806232,8.1,Comedy|Romance
5128328,7.3,Comedy|Action|Romance
4937812,7.2,Thriller|Action
3320578,6.7,Action
1857670,8.1,Drama
99043,8.2,Drama
368400,8,Romance|Thriller
417241,7,Romance|Action|Drama
807944,7.2,Action
1039952,7.1,Mystery|Action|Drama
984177,7.3,Romance|Action|Drama
1388441,7.1,Romance|Drama
377321,7.6,Romance|Thriller|Drama
984202,7.4,Romance|Drama
152979,7,Comedy
161981,7.1,Comedy
205451,7.2,Drama
4188654,8.6,Romance|Drama
1891755,6.3,Thriller|Action|Drama
449951,7.5,Mystery|Action|Drama
1655607,6.7,Crime|Action|Drama
376144,7.4,Action|Drama
375878,8,Crime|Action|Drama
1725795,6,Thriller|Action
464071,6.8,Romance|Drama
376127,8.2,Thriller|Action|Drama
376076,8.4,Action|Drama
80485,5.6,Crime|Action|Adventure
77278,6.6,Action|Adventure
65788,7.5,Drama
66920,5.2,Action|Drama
4016934,8.1,Mystery|Romance|Drama
2391833,7.1,Documentary
1857772,7.3,Documentary
2577666,7.3,Documentary
1235534,7.8,Documentary
84408,6.4,Thriller|Mystery|Horror
135534,7.4,Crime|Drama
2072214,6,Comedy|Romance
79882,6.1,Action|Drama
1667418,3.2,Horror
56110,6.5,Comedy|Mystery
104874,7.5,Comedy
98972,6.5,Comedy|Drama
68662,5.2,Drama
382205,6.3,Thriller
40861,6.9,Drama
39490,7.5,Drama
76440,6.4,Comedy
46714,6.5,Drama
78978,6.6,Drama
80321,8.4,Documentary
86476,5.2,Comedy|Thriller|Mystery
2263814,4.5,Thriller
124014,5.3,Horror
5503594,7,Documentary
81421,3.1,Mystery|Thriller
65750,3.2,Horror
2056554,8.5,Documentary
1517471,6.2,Comedy|Drama
3598648,5.4,Comedy
5071886,6.6,Crime|Action|Adventure
97136,4.2,Crime|Comedy|Horror
357282,8.1,Drama
57892,7.6,Drama|Adventure
190583,6.8,Comedy
66258,5.9,Thriller|Action
47464,6.3,Adventure
49125,6.9,Comedy|Adventure
68622,6.4,Horror
127834,7.3,Comedy
27133,6.9,Comedy|Romance
56640,7,Drama
2166214,4.3,Comedy|Action|Drama
290937,8.4,Comedy|Action
78320,4.9,Drama
58101,6,Comedy|Horror
491603,7.2,Drama|Adventure
3000844,7.6,Comedy|Drama
